Angle (°),Relative Intensity
0,1.0
10,0.984807753012208
20,0.9396926207859084
30,0.8660254037844387
40,0.766044443118978
50,0.6427876096865394
60,0.5000000000000001
70,0.3420201433256688
80,0.17364817766693041
90,6.123233995736766e-17
